attack,protocol,method,conditional_metric,conditional_success,descriptor_coverage,end_to_end_success,product_check_error
face,crossview_cam2,original,rank1_given_descriptor,0.8318510283490829,0.9994444444444444,0.831388888888889,1.1102230246251565e-16
face,crossview_cam2,face_blur,rank1_given_descriptor,0.0483110761979575,0.7072222222222222,0.0341666666666666,6.938893903907228e-18
face,crossview_cam2,body_blur,rank1_given_descriptor,0.0934268833087149,0.7522222222222222,0.0702777777777777,6.938893903907228e-17
face,crossview_cam2,body_pixel,rank1_given_descriptor,0.0065359477124183,0.0425,0.0002777777777777,7.779150587583494e-17
face,crossview_cam3,original,rank1_given_descriptor,0.5237131289762869,0.9605555555555556,0.5030555555555556,0.0
face,crossview_cam3,face_blur,rank1_given_descriptor,0.0387917329093799,0.8736111111111111,0.0338888888888888,2.7755575615628914e-17
face,crossview_cam3,body_blur,rank1_given_descriptor,0.0481481481481481,0.525,0.0252777777777777,5.204170427930421e-17
face,crossview_cam3,body_pixel,rank1_given_descriptor,0.0082644628099173,0.0336111111111111,0.0002777777777777,7.583994196536104e-17
face,crosssetup,original,rank1_given_descriptor,0.8780701754385964,1.0,0.8780701754385964,0.0
face,crosssetup,face_blur,rank1_given_descriptor,0.1174968071519795,0.6868421052631579,0.0807017543859649,2.7755575615628914e-17
face,crosssetup,body_blur,rank1_given_descriptor,0.2278630460448642,0.7429824561403509,0.1692982456140351,2.7755575615628914e-17
face,crosssetup,body_pixel,rank1_given_descriptor,0.1081081081081081,0.0324561403508771,0.0035087719298245,5.117434254131581e-17
face,crossrange,original,rank1_given_descriptor,0.9791666666666666,1.0,0.9791666666666666,0.0
face,crossrange,face_blur,rank1_given_descriptor,0.4391891891891892,0.6166666666666667,0.2708333333333333,5.551115123125783e-17
face,crossrange,body_blur,rank1_given_descriptor,0.5165562913907285,0.6291666666666667,0.3249999999999999,5.551115123125783e-17
face,crossrange,body_pixel,rank1_given_descriptor,0.3,0.0416666666666666,0.0124999999999999,7.979727989493313e-17
person_reid,crossview_cam2,original,rank1_given_descriptor,0.8530555555555556,1.0,0.8530555555555556,0.0
person_reid,crossview_cam2,face_blur,rank1_given_descriptor,0.8466666666666667,1.0,0.8466666666666667,0.0
person_reid,crossview_cam2,body_blur,rank1_given_descriptor,0.7208333333333333,1.0,0.7208333333333333,0.0
person_reid,crossview_cam2,body_pixel,rank1_given_descriptor,0.4941666666666666,1.0,0.4941666666666666,0.0
person_reid,crossview_cam3,original,rank1_given_descriptor,0.8061111111111111,1.0,0.8061111111111111,0.0
person_reid,crossview_cam3,face_blur,rank1_given_descriptor,0.8011111111111111,1.0,0.8011111111111111,0.0
person_reid,crossview_cam3,body_blur,rank1_given_descriptor,0.6430555555555556,1.0,0.6430555555555556,0.0
person_reid,crossview_cam3,body_pixel,rank1_given_descriptor,0.3569444444444444,1.0,0.3569444444444444,0.0
person_reid,crosssetup,original,rank1_given_descriptor,0.4526315789473684,1.0,0.4526315789473684,0.0
person_reid,crosssetup,face_blur,rank1_given_descriptor,0.4701754385964912,1.0,0.4701754385964912,0.0
person_reid,crosssetup,body_blur,rank1_given_descriptor,0.3552631578947368,1.0,0.3552631578947368,0.0
person_reid,crosssetup,body_pixel,rank1_given_descriptor,0.2666666666666666,1.0,0.2666666666666666,0.0
person_reid,crossrange,original,rank1_given_descriptor,0.6208333333333333,1.0,0.6208333333333333,0.0
person_reid,crossrange,face_blur,rank1_given_descriptor,0.6291666666666667,1.0,0.6291666666666667,0.0
person_reid,crossrange,body_blur,rank1_given_descriptor,0.4916666666666666,1.0,0.4916666666666666,0.0
person_reid,crossrange,body_pixel,rank1_given_descriptor,0.5833333333333334,1.0,0.5833333333333334,0.0
temporal_silhouette_gaitbase,crossview_cam2,original,rank1_given_descriptor,0.1798221234018899,0.9994444444444444,0.1797222222222222,2.7755575615628914e-17
temporal_silhouette_gaitbase,crossview_cam2,face_blur,rank1_given_descriptor,0.1784324624791551,0.9994444444444444,0.1783333333333333,2.7755575615628914e-17
temporal_silhouette_gaitbase,crossview_cam2,body_blur,rank1_given_descriptor,0.1039466370205669,0.9994444444444444,0.1038888888888888,1.3877787807814457e-17
temporal_silhouette_gaitbase,crossview_cam2,body_pixel,rank1_given_descriptor,0.0,0.0030555555555555,0.0,0.0
temporal_silhouette_gaitbase,crossview_cam3,original,rank1_given_descriptor,0.0619444444444444,1.0,0.0619444444444444,0.0
temporal_silhouette_gaitbase,crossview_cam3,face_blur,rank1_given_descriptor,0.0641666666666666,1.0,0.0641666666666666,0.0
temporal_silhouette_gaitbase,crossview_cam3,body_blur,rank1_given_descriptor,0.0608333333333333,1.0,0.0608333333333333,0.0
temporal_silhouette_gaitbase,crossview_cam3,body_pixel,rank1_given_descriptor,0.0833333333333333,0.0066666666666666,0.0005555555555555,4.9764879717084654e-17
temporal_silhouette_gaitbase,crosssetup,original,rank1_given_descriptor,0.143859649122807,1.0,0.143859649122807,0.0
temporal_silhouette_gaitbase,crosssetup,face_blur,rank1_given_descriptor,0.131578947368421,1.0,0.131578947368421,0.0
temporal_silhouette_gaitbase,crosssetup,body_blur,rank1_given_descriptor,0.1096491228070175,1.0,0.1096491228070175,0.0
temporal_silhouette_gaitbase,crosssetup,body_pixel,rank1_given_descriptor,0.0,0.0,0.0,0.0
temporal_silhouette_gaitbase,crossrange,original,rank1_given_descriptor,0.4083333333333333,1.0,0.4083333333333333,0.0
temporal_silhouette_gaitbase,crossrange,face_blur,rank1_given_descriptor,0.3583333333333333,1.0,0.3583333333333333,0.0
temporal_silhouette_gaitbase,crossrange,body_blur,rank1_given_descriptor,0.3916666666666666,1.0,0.3916666666666666,0.0
temporal_silhouette_gaitbase,crossrange,body_pixel,rank1_given_descriptor,0.0,0.0,0.0,0.0
rgb_pose,crossview_cam2,original,identity_accuracy_given_descriptor,0.1075,1.0,0.1075,0.0
rgb_pose,crossview_cam2,face_blur,identity_accuracy_given_descriptor,0.1047222222222222,1.0,0.1047222222222222,0.0
rgb_pose,crossview_cam2,body_blur,identity_accuracy_given_descriptor,0.1069444444444444,1.0,0.1069444444444444,0.0
rgb_pose,crossview_cam2,body_pixel,identity_accuracy_given_descriptor,0.0077021822849807,0.2163888888888888,0.0016666666666666,5.637851296924623e-17
rgb_pose,crossview_cam3,original,identity_accuracy_given_descriptor,0.0458333333333333,1.0,0.0458333333333333,0.0
rgb_pose,crossview_cam3,face_blur,identity_accuracy_given_descriptor,0.0461111111111111,1.0,0.0461111111111111,0.0
rgb_pose,crossview_cam3,body_blur,identity_accuracy_given_descriptor,0.0416666666666666,1.0,0.0416666666666666,0.0
rgb_pose,crossview_cam3,body_pixel,identity_accuracy_given_descriptor,0.0759651307596513,0.2230555555555555,0.0169444444444444,3.8163916471489756e-17
rgb_pose,crosssetup,original,identity_accuracy_given_descriptor,0.0947368421052631,1.0,0.0947368421052631,0.0
rgb_pose,crosssetup,face_blur,identity_accuracy_given_descriptor,0.0912280701754386,1.0,0.0912280701754386,0.0
rgb_pose,crosssetup,body_blur,identity_accuracy_given_descriptor,0.1078947368421052,1.0,0.1078947368421052,0.0
rgb_pose,crosssetup,body_pixel,identity_accuracy_given_descriptor,0.08,0.2631578947368421,0.0210526315789473,6.938893903907228e-17
rgb_pose,crossrange,original,identity_accuracy_given_descriptor,0.2541666666666666,1.0,0.2541666666666666,0.0
rgb_pose,crossrange,face_blur,identity_accuracy_given_descriptor,0.2666666666666666,1.0,0.2666666666666666,0.0
rgb_pose,crossrange,body_blur,identity_accuracy_given_descriptor,0.3208333333333333,1.0,0.3208333333333333,0.0
rgb_pose,crossrange,body_pixel,identity_accuracy_given_descriptor,0.1212121212121212,0.1375,0.0166666666666666,6.591949208711867e-17
