adversary,split,method,pool_size,seed,rank1,rank5,mAP
reid,crossview_cam2,original,5,0,0.9703703703703703,0.987037037037037,0.8543734186406934
reid,crossview_cam2,original,5,1,0.819047619047619,0.8904761904761904,0.769236614004249
reid,crossview_cam2,original,5,2,0.95625,0.975,0.7316039638570064
reid,crossview_cam2,original,5,3,0.9895833333333334,0.9979166666666667,0.8594398773930451
reid,crossview_cam2,original,5,4,0.9761904761904762,0.9928571428571429,0.8043800609935684
reid,crossview_cam2,original,5,5,0.9648148148148148,0.9851851851851852,0.7883479231199766
reid,crossview_cam2,original,5,6,0.9972222222222222,0.9972222222222222,0.9610301998103795
reid,crossview_cam2,original,5,7,0.9888888888888889,0.9972222222222222,0.8520538720785503
reid,crossview_cam2,original,5,8,0.987037037037037,0.9981481481481481,0.7328268785198307
reid,crossview_cam2,original,5,9,0.9433333333333334,0.9683333333333334,0.7106687120713483
reid,crossview_cam2,original,5,10,0.9809523809523809,0.9928571428571429,0.941966344852105
reid,crossview_cam2,original,5,11,0.88,0.915,0.7165857141487638
reid,crossview_cam2,original,5,12,0.9642857142857143,0.9714285714285714,0.8994984531253096
reid,crossview_cam2,original,5,13,0.9285714285714286,0.9595238095238096,0.830884141747914
reid,crossview_cam2,original,5,14,0.9907407407407407,1.0,0.7252640510415385
reid,crossview_cam2,original,5,15,0.9785714285714285,0.9833333333333333,0.8245538782374108
reid,crossview_cam2,original,5,16,0.9583333333333334,0.9895833333333334,0.8446167302618863
reid,crossview_cam2,original,5,17,0.9740740740740741,0.9962962962962963,0.7237451141221496
reid,crossview_cam2,original,5,18,0.9809523809523809,0.9928571428571429,0.9259219308396671
reid,crossview_cam2,original,5,19,0.9416666666666667,0.9444444444444444,0.8791220904576684
reid,crossview_cam2,original,5,20,0.9452380952380952,0.9738095238095238,0.8895465539395757
reid,crossview_cam2,original,5,21,0.9851851851851852,0.9944444444444445,0.8318112478618013
reid,crossview_cam2,original,5,22,0.9916666666666667,0.9944444444444445,0.9407010222199776
reid,crossview_cam2,original,5,23,1.0,1.0,0.7783600914945925
reid,crossview_cam2,original,5,24,0.9314814814814815,0.9851851851851852,0.7815202621971762
reid,crossview_cam2,original,5,25,0.9703703703703703,0.9944444444444445,0.8070791359660164
reid,crossview_cam2,original,5,26,0.9766666666666667,1.0,0.7964824147657852
reid,crossview_cam2,original,5,27,0.9981481481481481,1.0,0.8112798749981956
reid,crossview_cam2,original,5,28,0.9625,0.9729166666666667,0.8556090399807246
reid,crossview_cam2,original,5,29,0.9738095238095238,0.9928571428571429,0.933416680074866
reid,crossview_cam2,original,10,0,0.961764705882353,0.9872549019607844,0.7416520070422312
reid,crossview_cam2,original,10,1,0.9427083333333334,0.9729166666666667,0.7065065530700678
reid,crossview_cam2,original,10,2,0.9010416666666666,0.94375,0.7208729301219482
reid,crossview_cam2,original,10,3,0.9726190476190476,0.9785714285714285,0.8323397525605042
reid,crossview_cam2,original,10,4,0.8861111111111111,0.9541666666666667,0.7517893921321135
reid,crossview_cam2,original,10,5,0.9735294117647059,0.9901960784313726,0.7378359913470138
reid,crossview_cam2,original,10,6,0.9807692307692307,0.9884615384615385,0.7994115574059918
reid,crossview_cam2,original,10,7,0.9645833333333333,0.9791666666666666,0.7815022043410799
reid,crossview_cam2,original,10,8,0.9622222222222222,0.9677777777777777,0.7829016150160955
reid,crossview_cam2,original,10,9,0.9641025641025641,0.9730769230769231,0.8536697373346877
reid,crossview_cam2,original,10,10,0.9385416666666667,0.9697916666666667,0.7549791828871679
reid,crossview_cam2,original,10,11,0.953125,0.9677083333333333,0.6810488257984265
reid,crossview_cam2,original,10,12,0.9477777777777778,0.9644444444444444,0.8208850251664962
reid,crossview_cam2,original,10,13,0.9797619047619047,0.9940476190476191,0.8436203769186345
reid,crossview_cam2,original,10,14,0.9458333333333333,0.9666666666666667,0.6769583130832956
reid,crossview_cam2,original,10,15,0.9538461538461539,0.958974358974359,0.8307204638901121
reid,crossview_cam2,original,10,16,0.9766666666666667,0.9966666666666667,0.7650383250695221
reid,crossview_cam2,original,10,17,0.9755555555555555,0.9922222222222222,0.7737708274450152
reid,crossview_cam2,original,10,18,0.9355555555555556,0.98,0.7849462572288962
reid,crossview_cam2,original,10,19,0.971875,0.9895833333333334,0.7563867751620195
reid,crossview_cam2,original,10,20,0.9215686274509803,0.953921568627451,0.6824766408971471
reid,crossview_cam2,original,10,21,0.9739583333333334,0.984375,0.7162620089828615
reid,crossview_cam2,original,10,22,0.95,0.9676470588235294,0.7486657119171513
reid,crossview_cam2,original,10,23,0.9604166666666667,0.975,0.7111349295927982
reid,crossview_cam2,original,10,24,0.903921568627451,0.9656862745098039,0.6908316058671806
reid,crossview_cam2,original,10,25,0.9219298245614035,0.9649122807017544,0.702486791369709
reid,crossview_cam2,original,10,26,0.9655555555555555,0.9844444444444445,0.7741703231470033
reid,crossview_cam2,original,10,27,0.9333333333333333,0.9629629629629629,0.6729431625486075
reid,crossview_cam2,original,10,28,0.9615384615384616,0.9692307692307692,0.8009866831421776
reid,crossview_cam2,original,10,29,0.9289473684210526,0.9578947368421052,0.7216389129205764
reid,crossview_cam2,original,15,0,0.9347826086956522,0.9565217391304348,0.770504955878238
reid,crossview_cam2,original,15,1,0.9358024691358025,0.9740740740740741,0.6501420285032761
reid,crossview_cam2,original,15,2,0.9068181818181819,0.9462121212121212,0.7240412194476754
reid,crossview_cam2,original,15,3,0.9297619047619048,0.9583333333333334,0.6058881449250711
reid,crossview_cam2,original,15,4,0.8886363636363637,0.9492424242424242,0.7249744422653757
reid,crossview_cam2,original,15,5,0.8806666666666667,0.9433333333333334,0.683460209961054
reid,crossview_cam2,original,15,6,0.9375,0.9770833333333333,0.7092734533070703
reid,crossview_cam2,original,15,7,0.8746376811594203,0.9405797101449276,0.6897139821688976
reid,crossview_cam2,original,15,8,0.8975308641975308,0.9506172839506173,0.6409698546429831
reid,crossview_cam2,original,15,9,0.8933333333333333,0.9341666666666667,0.7170154418114102
reid,crossview_cam2,original,15,10,0.8726666666666667,0.922,0.616380774455737
reid,crossview_cam2,original,15,11,0.908974358974359,0.948076923076923,0.6445411493363057
reid,crossview_cam2,original,15,12,0.9138888888888889,0.9520833333333333,0.6584365219572261
reid,crossview_cam2,original,15,13,0.9103174603174603,0.9476190476190476,0.689020149146751
reid,crossview_cam2,original,15,14,0.9272727272727272,0.9651515151515152,0.7597987654475417
reid,crossview_cam2,original,15,15,0.9594202898550724,0.9760869565217392,0.7454890485183575
reid,crossview_cam2,original,15,16,0.9008333333333334,0.9325,0.7361288797455088
reid,crossview_cam2,original,15,17,0.9179487179487179,0.9525641025641025,0.6549681358477241
reid,crossview_cam2,original,15,18,0.9204545454545454,0.9606060606060606,0.7173386662393749
reid,crossview_cam2,original,15,19,0.9283333333333333,0.96,0.7565060328761671
reid,crossview_cam2,original,15,20,0.9760869565217392,0.9826086956521739,0.7390971635999939
reid,crossview_cam2,original,15,21,0.9541666666666667,0.9694444444444444,0.7529719500809108
reid,crossview_cam2,original,15,22,0.9102564102564102,0.95,0.6673921681864365
reid,crossview_cam2,original,15,23,0.9507246376811594,0.9710144927536232,0.7603370258240053
reid,crossview_cam2,original,15,24,0.9434782608695652,0.9681159420289855,0.7327252949143467
reid,crossview_cam2,original,15,25,0.8973333333333333,0.95,0.6416392935783382
reid,crossview_cam2,original,15,26,0.9108695652173913,0.9485507246376812,0.6960745332132139
reid,crossview_cam2,original,15,27,0.9590277777777778,0.9777777777777777,0.697092809438856
reid,crossview_cam2,original,15,28,0.9381944444444444,0.9701388888888889,0.6345466368922529
reid,crossview_cam2,original,15,29,0.9111111111111111,0.9592592592592593,0.6870608465271973
reid,crossview_cam2,original,20,0,0.8458333333333333,0.9088541666666666,0.6296156981754822
reid,crossview_cam2,original,20,1,0.9275862068965517,0.9712643678160919,0.6969471149039503
reid,crossview_cam2,original,20,2,0.9133333333333333,0.9483333333333334,0.6795657779701078
reid,crossview_cam2,original,20,3,0.9344444444444444,0.9683333333333334,0.6813211242846822
reid,crossview_cam2,original,20,4,0.9444444444444444,0.9644444444444444,0.6840889060907401
reid,crossview_cam2,original,20,5,0.9302083333333333,0.9609375,0.6411680975820252
reid,crossview_cam2,original,20,6,0.8616161616161616,0.9196969696969697,0.6158608490055318
reid,crossview_cam2,original,20,7,0.8489583333333334,0.9270833333333334,0.6336051018504086
reid,crossview_cam2,original,20,8,0.8725490196078431,0.9259803921568628,0.6120149757747763
reid,crossview_cam2,original,20,9,0.888095238095238,0.9428571428571428,0.6967102354582009
reid,crossview_cam2,original,20,10,0.8963541666666667,0.95,0.6337319501787576
reid,crossview_cam2,original,20,11,0.8807291666666667,0.9354166666666667,0.6409773494736979
reid,crossview_cam2,original,20,12,0.9360215053763441,0.9655913978494624,0.6245466365518559
reid,crossview_cam2,original,20,13,0.8940860215053763,0.9419354838709677,0.6516755209368104
reid,crossview_cam2,original,20,14,0.9192708333333334,0.9541666666666667,0.6610311740693933
reid,crossview_cam2,original,20,15,0.8895833333333333,0.9484375,0.5963376884588212
reid,crossview_cam2,original,20,16,0.9161458333333333,0.9546875,0.6596121352187079
reid,crossview_cam2,original,20,17,0.9123655913978495,0.9548387096774194,0.6987338120345453
reid,crossview_cam2,original,20,18,0.8616161616161616,0.9196969696969697,0.6350985790736463
reid,crossview_cam2,original,20,19,0.8838888888888888,0.9277777777777778,0.6856976806170797
reid,crossview_cam2,original,20,20,0.9136363636363637,0.945959595959596,0.6252276191840691
reid,crossview_cam2,original,20,21,0.9150537634408602,0.9516129032258065,0.6575270522110542
reid,crossview_cam2,original,20,22,0.896969696969697,0.9525252525252526,0.6634953331929989
reid,crossview_cam2,original,20,23,0.9295698924731183,0.967741935483871,0.7293050879773304
reid,crossview_cam2,original,20,24,0.9140625,0.9541666666666667,0.6638029390394602
reid,crossview_cam2,original,20,25,0.9005050505050505,0.9454545454545454,0.650919610486314
reid,crossview_cam2,original,20,26,0.940625,0.9625,0.6845058832518378
reid,crossview_cam2,original,20,27,0.9220588235294118,0.9549019607843138,0.6169447417560686
reid,crossview_cam2,original,20,28,0.9122549019607843,0.9514705882352941,0.6245027044051678
reid,crossview_cam2,original,20,29,0.9344827586206896,0.9683908045977011,0.6896666752525468
reid,crossview_cam2,original,25,0,0.8638888888888889,0.9333333333333333,0.5764163123458215
reid,crossview_cam2,original,25,1,0.931981981981982,0.9563063063063063,0.6687929259501083
reid,crossview_cam2,original,25,2,0.8916666666666667,0.9425438596491228,0.6549315164513495
reid,crossview_cam2,original,25,3,0.8974358974358975,0.935042735042735,0.6424087971976854
reid,crossview_cam2,original,25,4,0.895,0.9429166666666666,0.6466727900952935
reid,crossview_cam2,original,25,5,0.8956349206349207,0.9551587301587302,0.6105218846545216
reid,crossview_cam2,original,25,6,0.8934959349593496,0.9459349593495935,0.6076171147363368
reid,crossview_cam2,original,25,7,0.8697368421052631,0.9491228070175438,0.6075834759060034
reid,crossview_cam2,original,25,8,0.885,0.9391666666666667,0.5874211817399281
reid,crossview_cam2,original,25,9,0.8771929824561403,0.9324561403508772,0.6287982540219921
reid,crossview_cam2,original,25,10,0.8886178861788618,0.9410569105691057,0.6036735410006889
reid,crossview_cam2,original,25,11,0.9162280701754386,0.9526315789473684,0.6568836341822945
reid,crossview_cam2,original,25,12,0.8741666666666666,0.9304166666666667,0.5979124880741524
reid,crossview_cam2,original,25,13,0.9058333333333334,0.9508333333333333,0.6074886384965962
reid,crossview_cam2,original,25,14,0.8616666666666667,0.92875,0.6333324592495105
reid,crossview_cam2,original,25,15,0.8841269841269841,0.9345238095238095,0.6114740207197383
reid,crossview_cam2,original,25,16,0.8699186991869918,0.9406504065040651,0.6074630312471728
reid,crossview_cam2,original,25,17,0.8984126984126984,0.95,0.6228473096015354
reid,crossview_cam2,original,25,18,0.8717948717948718,0.9307692307692308,0.5969787343327404
reid,crossview_cam2,original,25,19,0.8736842105263158,0.9293859649122806,0.6614524705447183
reid,crossview_cam2,original,25,20,0.8772357723577235,0.9345528455284553,0.6285789115950223
reid,crossview_cam2,original,25,21,0.8846153846153846,0.9376068376068376,0.6101887829534398
reid,crossview_cam2,original,25,22,0.8635135135135135,0.927027027027027,0.6455452515446736
reid,crossview_cam2,original,25,23,0.8854166666666666,0.93625,0.5935195875275766
reid,crossview_cam2,original,25,24,0.8863247863247863,0.9354700854700855,0.6032598713497145
reid,crossview_cam2,original,25,25,0.8869918699186992,0.9386178861788618,0.6094325490346715
reid,crossview_cam2,original,25,26,0.8793650793650793,0.9388888888888889,0.5928158513281535
reid,crossview_cam2,original,25,27,0.9158333333333334,0.9641666666666666,0.6256606827032549
reid,crossview_cam2,original,25,28,0.9009259259259259,0.9453703703703704,0.7070676978260955
reid,crossview_cam2,original,25,29,0.8932539682539683,0.9361111111111111,0.6303398603157983
reid,crossview_cam2,original,30,0,0.8914965986394557,0.9408163265306122,0.6032372184829724
reid,crossview_cam2,original,30,1,0.875177304964539,0.9312056737588652,0.6082829081396952
reid,crossview_cam2,original,30,2,0.8614583333333333,0.9173611111111111,0.5809439104137006
reid,crossview_cam2,original,30,3,0.8819148936170212,0.9439716312056737,0.6355970377704693
reid,crossview_cam2,original,30,4,0.8681159420289855,0.9300724637681159,0.6114113972461387
reid,crossview_cam2,original,30,5,0.8652482269503546,0.9336879432624113,0.5977510231698907
reid,crossview_cam2,original,30,6,0.8815602836879433,0.9358156028368795,0.6149518691370971
reid,crossview_cam2,original,30,7,0.8822463768115942,0.9405797101449276,0.6335267107977244
reid,crossview_cam2,original,30,8,0.880072463768116,0.9376811594202898,0.6232068317564637
reid,crossview_cam2,original,30,9,0.8781481481481481,0.94,0.6320213408049812
reid,crossview_cam2,original,30,10,0.8733333333333333,0.9340740740740741,0.6647200143190943
reid,crossview_cam2,original,30,11,0.8738562091503268,0.9372549019607843,0.5927873089254027
reid,crossview_cam2,original,30,12,0.9103333333333333,0.955,0.590430128206125
reid,crossview_cam2,original,30,13,0.8710144927536232,0.9289855072463769,0.6158986380446005
reid,crossview_cam2,original,30,14,0.8702127659574468,0.9280141843971631,0.6126542189873686
reid,crossview_cam2,original,30,15,0.8770833333333333,0.9274305555555555,0.607052697406259
reid,crossview_cam2,original,30,16,0.869927536231884,0.9304347826086956,0.611252942487612
reid,crossview_cam2,original,30,17,0.880072463768116,0.9322463768115942,0.6450579863494404
reid,crossview_cam2,original,30,18,0.8659259259259259,0.9281481481481482,0.6258273539605901
reid,crossview_cam2,original,30,19,0.8666666666666667,0.9282608695652174,0.6120100132824449
reid,crossview_cam2,original,30,20,0.9024822695035462,0.9453900709219858,0.6131448464696052
reid,crossview_cam2,original,30,21,0.8518115942028985,0.9148550724637681,0.6072035771624754
reid,crossview_cam2,original,30,22,0.890625,0.9361111111111111,0.6161105721936485
reid,crossview_cam2,original,30,23,0.8884353741496599,0.9319727891156463,0.6108917504660479
reid,crossview_cam2,original,30,24,0.9046099290780142,0.9475177304964539,0.6210533940682764
reid,crossview_cam2,original,30,25,0.9145390070921986,0.9556737588652482,0.6169962369386663
reid,crossview_cam2,original,30,26,0.9108843537414966,0.958843537414966,0.6119627033142995
reid,crossview_cam2,original,30,27,0.8492753623188406,0.9134057971014493,0.599675813217218
reid,crossview_cam2,original,30,28,0.8692592592592593,0.9296296296296296,0.6416815581617291
reid,crossview_cam2,original,30,29,0.8789855072463768,0.9322463768115942,0.6448011252641983
reid,crossview_cam2,original,38,0,0.8530555555555556,0.9216666666666666,0.5819553564978368
reid,crossview_cam3,original,5,0,0.9888888888888889,0.9907407407407407,0.8521030554456367
reid,crossview_cam3,original,5,1,0.8476190476190476,0.9523809523809523,0.7531672440683891
reid,crossview_cam3,original,5,2,0.9479166666666666,0.9875,0.7314868810303454
reid,crossview_cam3,original,5,3,0.9354166666666667,0.99375,0.8105481051049037
reid,crossview_cam3,original,5,4,0.9809523809523809,0.9952380952380953,0.8171099459166845
reid,crossview_cam3,original,5,5,0.9518518518518518,0.9703703703703703,0.7613526982275632
reid,crossview_cam3,original,5,6,0.9972222222222222,0.9972222222222222,0.9661700662716908
reid,crossview_cam3,original,5,7,1.0,1.0,0.8356603161345538
reid,crossview_cam3,original,5,8,0.937037037037037,0.9944444444444445,0.6820322761234762
reid,crossview_cam3,original,5,9,0.9333333333333333,0.9783333333333334,0.7113855541709851
reid,crossview_cam3,original,5,10,0.9738095238095238,0.9785714285714285,0.8947100483412003
reid,crossview_cam3,original,5,11,0.8933333333333333,0.9333333333333333,0.7147191344332574
reid,crossview_cam3,original,5,12,0.9785714285714285,0.9904761904761905,0.896305367801415
reid,crossview_cam3,original,5,13,0.9642857142857143,0.9785714285714285,0.8164525013246586
reid,crossview_cam3,original,5,14,0.9444444444444444,0.9833333333333333,0.6822398016922226
reid,crossview_cam3,original,5,15,0.9904761904761905,0.9952380952380953,0.8123974176163453
reid,crossview_cam3,original,5,16,0.9833333333333333,0.9979166666666667,0.8529390836745582
reid,crossview_cam3,original,5,17,0.9722222222222222,0.9944444444444445,0.6985332529675513
reid,crossview_cam3,original,5,18,0.9714285714285714,0.9785714285714285,0.8772317732702939
reid,crossview_cam3,original,5,19,0.9583333333333334,0.9583333333333334,0.8958838079898096
reid,crossview_cam3,original,5,20,0.9547619047619048,0.9642857142857143,0.8728375708151577
reid,crossview_cam3,original,5,21,0.9629629629629629,0.9777777777777777,0.7995329033417795
reid,crossview_cam3,original,5,22,0.9611111111111111,0.9833333333333333,0.885725806566334
reid,crossview_cam3,original,5,23,0.9619047619047619,1.0,0.7473462616849367
reid,crossview_cam3,original,5,24,0.8907407407407407,0.9796296296296296,0.7878700163981537
reid,crossview_cam3,original,5,25,0.9796296296296296,0.9944444444444445,0.7743894543167084
reid,crossview_cam3,original,5,26,0.9666666666666667,0.99,0.7942032681767943
reid,crossview_cam3,original,5,27,0.9907407407407407,0.9981481481481481,0.7749397581484491
reid,crossview_cam3,original,5,28,0.9791666666666666,0.9875,0.8126008200618926
reid,crossview_cam3,original,5,29,0.9928571428571429,0.9976190476190476,0.9483711089124548
reid,crossview_cam3,original,10,0,0.9382352941176471,0.9911764705882353,0.6946569193944169
reid,crossview_cam3,original,10,1,0.8989583333333333,0.95,0.6845051862402182
reid,crossview_cam3,original,10,2,0.9125,0.98125,0.70191624094489
reid,crossview_cam3,original,10,3,0.9595238095238096,0.9833333333333333,0.7771097065070183
reid,crossview_cam3,original,10,4,0.8708333333333333,0.9305555555555556,0.6866456271824699
reid,crossview_cam3,original,10,5,0.9568627450980393,0.9764705882352941,0.6965540969569786
reid,crossview_cam3,original,10,6,0.9423076923076923,0.9923076923076923,0.7491936125320305
reid,crossview_cam3,original,10,7,0.9729166666666667,0.984375,0.7707852177105095
reid,crossview_cam3,original,10,8,0.9455555555555556,0.9722222222222222,0.750850572663242
reid,crossview_cam3,original,10,9,0.9397435897435897,0.9730769230769231,0.8321519174601436
reid,crossview_cam3,original,10,10,0.9270833333333334,0.971875,0.7138425619039777
reid,crossview_cam3,original,10,11,0.9395833333333333,0.9604166666666667,0.6698995045124595
reid,crossview_cam3,original,10,12,0.9211111111111111,0.9688888888888889,0.7557752595678183
reid,crossview_cam3,original,10,13,0.9904761904761905,0.9964285714285714,0.792536554481083
reid,crossview_cam3,original,10,14,0.925,0.9583333333333334,0.645799049684922
reid,crossview_cam3,original,10,15,0.9551282051282052,0.958974358974359,0.8178052305262309
reid,crossview_cam3,original,10,16,0.9122222222222223,0.9677777777777777,0.7251548188806947
reid,crossview_cam3,original,10,17,0.9711111111111111,0.9855555555555555,0.7506292135604367
reid,crossview_cam3,original,10,18,0.9633333333333334,0.9888888888888889,0.7502456398661189
reid,crossview_cam3,original,10,19,0.9645833333333333,0.98125,0.7067975451642413
reid,crossview_cam3,original,10,20,0.9196078431372549,0.9705882352941176,0.6722876011643892
reid,crossview_cam3,original,10,21,0.928125,0.990625,0.6858895468908965
reid,crossview_cam3,original,10,22,0.8941176470588236,0.946078431372549,0.6943310251000555
reid,crossview_cam3,original,10,23,0.928125,0.9895833333333334,0.7170074875577416
reid,crossview_cam3,original,10,24,0.8529411764705882,0.9519607843137254,0.6657676192830414
reid,crossview_cam3,original,10,25,0.8798245614035087,0.9596491228070175,0.6648952781732619
reid,crossview_cam3,original,10,26,0.9644444444444444,0.9777777777777777,0.7294584809578978
reid,crossview_cam3,original,10,27,0.8944444444444445,0.9666666666666667,0.6421501991069741
reid,crossview_cam3,original,10,28,0.9551282051282052,0.958974358974359,0.7692007720677263
reid,crossview_cam3,original,10,29,0.868421052631579,0.9324561403508772,0.6858124399239616
reid,crossview_cam3,original,15,0,0.9420289855072463,0.9666666666666667,0.7361843208806259
reid,crossview_cam3,original,15,1,0.8938271604938272,0.9820987654320987,0.6182134408212034
reid,crossview_cam3,original,15,2,0.884090909090909,0.9765151515151516,0.6937740993940703
reid,crossview_cam3,original,15,3,0.8755952380952381,0.9422619047619047,0.5566381938779694
reid,crossview_cam3,original,15,4,0.8515151515151516,0.925,0.686509956839476
reid,crossview_cam3,original,15,5,0.8366666666666667,0.9566666666666667,0.6746688823784918
reid,crossview_cam3,original,15,6,0.89375,0.9715277777777778,0.66812812993736
reid,crossview_cam3,original,15,7,0.8659420289855072,0.95,0.6381597048456583
reid,crossview_cam3,original,15,8,0.8753086419753087,0.9604938271604938,0.6141217990845175
reid,crossview_cam3,original,15,9,0.8875,0.9533333333333334,0.6808737933558556
reid,crossview_cam3,original,15,10,0.8406666666666667,0.91,0.5643586834223345
reid,crossview_cam3,original,15,11,0.8858974358974359,0.9564102564102565,0.6153809744795743
reid,crossview_cam3,original,15,12,0.91875,0.96875,0.630106711701874
reid,crossview_cam3,original,15,13,0.9111111111111111,0.957936507936508,0.6671645928598479
reid,crossview_cam3,original,15,14,0.9424242424242424,0.9803030303030303,0.7195489449353542
reid,crossview_cam3,original,15,15,0.9521739130434783,0.9717391304347827,0.7017833930347906
reid,crossview_cam3,original,15,16,0.8816666666666667,0.9691666666666666,0.7334443161714114
reid,crossview_cam3,original,15,17,0.8814102564102564,0.95,0.5996524447964436
reid,crossview_cam3,original,15,18,0.9340909090909091,0.9598484848484848,0.6769915855873179
reid,crossview_cam3,original,15,19,0.9491666666666667,0.9866666666666667,0.741984716231298
reid,crossview_cam3,original,15,20,0.9398550724637681,0.9876811594202899,0.6871529097041544
reid,crossview_cam3,original,15,21,0.9430555555555555,0.9770833333333333,0.7177914564346989
reid,crossview_cam3,original,15,22,0.8865384615384615,0.9615384615384616,0.6364809448519408
reid,crossview_cam3,original,15,23,0.9536231884057971,0.9768115942028985,0.7288237831457612
reid,crossview_cam3,original,15,24,0.9391304347826087,0.9789855072463768,0.7105422045043246
reid,crossview_cam3,original,15,25,0.8733333333333333,0.9453333333333334,0.597987498790018
reid,crossview_cam3,original,15,26,0.9028985507246376,0.9543478260869566,0.6575551652306367
reid,crossview_cam3,original,15,27,0.9326388888888889,0.9729166666666667,0.6634751689968008
reid,crossview_cam3,original,15,28,0.8611111111111112,0.9590277777777778,0.5938671781157672
reid,crossview_cam3,original,15,29,0.8962962962962963,0.9709876543209877,0.6605873519329526
reid,crossview_cam3,original,20,0,0.85,0.9453125,0.609196532440189
reid,crossview_cam3,original,20,1,0.9120689655172414,0.9758620689655172,0.6712379774513155
reid,crossview_cam3,original,20,2,0.8972222222222223,0.9544444444444444,0.6270503793891098
reid,crossview_cam3,original,20,3,0.9055555555555556,0.9688888888888889,0.6524139409248849
reid,crossview_cam3,original,20,4,0.9283333333333333,0.955,0.6502828342779985
reid,crossview_cam3,original,20,5,0.8442708333333333,0.9401041666666666,0.5868830223102874
reid,crossview_cam3,original,20,6,0.8449494949494949,0.947979797979798,0.5843288378038047
reid,crossview_cam3,original,20,7,0.8473958333333333,0.9494791666666667,0.6160925602573836
reid,crossview_cam3,original,20,8,0.8147058823529412,0.9274509803921569,0.5629476728163553
reid,crossview_cam3,original,20,9,0.875,0.9488095238095238,0.647751341405104
reid,crossview_cam3,original,20,10,0.8651041666666667,0.9494791666666667,0.6028445370251253
reid,crossview_cam3,original,20,11,0.8088541666666667,0.9333333333333333,0.5924350118463118
reid,crossview_cam3,original,20,12,0.9037634408602151,0.9725806451612903,0.6024727330376088
reid,crossview_cam3,original,20,13,0.8849462365591397,0.9456989247311828,0.6101676354699626
reid,crossview_cam3,original,20,14,0.8942708333333333,0.9416666666666667,0.5938078687463485
reid,crossview_cam3,original,20,15,0.8354166666666667,0.9364583333333333,0.5600705923086863
reid,crossview_cam3,original,20,16,0.8776041666666666,0.9583333333333334,0.6322707777958567
reid,crossview_cam3,original,20,17,0.8876344086021506,0.9682795698924731,0.6626290098916783
reid,crossview_cam3,original,20,18,0.853030303030303,0.9505050505050505,0.6063475132998093
reid,crossview_cam3,original,20,19,0.8522222222222222,0.9544444444444444,0.658498545236045
reid,crossview_cam3,original,20,20,0.897979797979798,0.9484848484848485,0.5827910502742957
reid,crossview_cam3,original,20,21,0.9268817204301075,0.975268817204301,0.6292254755450223
reid,crossview_cam3,original,20,22,0.8343434343434344,0.9691919191919192,0.6197518331179604
reid,crossview_cam3,original,20,23,0.8881720430107527,0.9650537634408602,0.6731879208958166
reid,crossview_cam3,original,20,24,0.8828125,0.965625,0.6124387525507198
reid,crossview_cam3,original,20,25,0.8661616161616161,0.952020202020202,0.6169650720624643
reid,crossview_cam3,original,20,26,0.9223958333333333,0.9625,0.6533847573497219
reid,crossview_cam3,original,20,27,0.8539215686274509,0.9446078431372549,0.5727385102603717
reid,crossview_cam3,original,20,28,0.8720588235294118,0.9607843137254902,0.5991383653566048
reid,crossview_cam3,original,20,29,0.8925287356321839,0.957471264367816,0.6254709098252074
reid,crossview_cam3,original,25,0,0.8373015873015873,0.9412698412698413,0.545237521791299
reid,crossview_cam3,original,25,1,0.8599099099099099,0.9301801801801802,0.6043363312463124
reid,crossview_cam3,original,25,2,0.8798245614035087,0.9649122807017544,0.6086508347300547
reid,crossview_cam3,original,25,3,0.8504273504273504,0.9452991452991453,0.6099999202554734
reid,crossview_cam3,original,25,4,0.8633333333333333,0.9570833333333333,0.5990223554129134
reid,crossview_cam3,original,25,5,0.8392857142857143,0.9527777777777777,0.5711690772539693
reid,crossview_cam3,original,25,6,0.8422764227642277,0.9479674796747968,0.5693577989300814
reid,crossview_cam3,original,25,7,0.8289473684210527,0.9425438596491228,0.5617603607219319
reid,crossview_cam3,original,25,8,0.8495833333333334,0.9504166666666667,0.5546824649308804
reid,crossview_cam3,original,25,9,0.8407894736842105,0.9285087719298246,0.587915919649735
reid,crossview_cam3,original,25,10,0.8439024390243902,0.9443089430894309,0.5716040022650127
reid,crossview_cam3,original,25,11,0.8741228070175439,0.9451754385964912,0.6178411468279141
reid,crossview_cam3,original,25,12,0.8466666666666667,0.9379166666666666,0.56654901401677
reid,crossview_cam3,original,25,13,0.8358333333333333,0.9283333333333333,0.5607536422249645
reid,crossview_cam3,original,25,14,0.85375,0.9579166666666666,0.6040805051658671
reid,crossview_cam3,original,25,15,0.8103174603174603,0.9357142857142857,0.5639605359243254
reid,crossview_cam3,original,25,16,0.8142276422764227,0.9410569105691057,0.5477642869386602
reid,crossview_cam3,original,25,17,0.8587301587301587,0.9527777777777777,0.576663021292028
reid,crossview_cam3,original,25,18,0.8286324786324787,0.9286324786324787,0.5561870146753445
reid,crossview_cam3,original,25,19,0.8671052631578947,0.9578947368421052,0.6207528508926698
reid,crossview_cam3,original,25,20,0.8467479674796748,0.947560975609756,0.592585694880067
reid,crossview_cam3,original,25,21,0.8290598290598291,0.9384615384615385,0.5830806235879636
reid,crossview_cam3,original,25,22,0.8797297297297297,0.95,0.6193704326354686
reid,crossview_cam3,original,25,23,0.8433333333333334,0.93625,0.5479137689107701
reid,crossview_cam3,original,25,24,0.8564102564102564,0.9423076923076923,0.57742525288922
reid,crossview_cam3,original,25,25,0.8536585365853658,0.9471544715447154,0.567135911523954
reid,crossview_cam3,original,25,26,0.873015873015873,0.948015873015873,0.5551807494839274
reid,crossview_cam3,original,25,27,0.8766666666666667,0.9558333333333333,0.580222325370939
reid,crossview_cam3,original,25,28,0.8916666666666667,0.9652777777777778,0.6722722713585296
reid,crossview_cam3,original,25,29,0.875,0.9611111111111111,0.6033908388805591
reid,crossview_cam3,original,30,0,0.8496598639455782,0.9520408163265306,0.5714444179901625
reid,crossview_cam3,original,30,1,0.8617021276595744,0.9358156028368795,0.5772229831487301
reid,crossview_cam3,original,30,2,0.815625,0.9263888888888889,0.5368602390532186
reid,crossview_cam3,original,30,3,0.8372340425531914,0.9425531914893617,0.5830162121910512
reid,crossview_cam3,original,30,4,0.8181159420289855,0.9307971014492754,0.5742813047549978
reid,crossview_cam3,original,30,5,0.8301418439716312,0.9386524822695036,0.5522546472737284
reid,crossview_cam3,original,30,6,0.8131205673758866,0.9312056737588652,0.5704755895218607
reid,crossview_cam3,original,30,7,0.8460144927536232,0.9452898550724638,0.5791121608643843
reid,crossview_cam3,original,30,8,0.8068840579710145,0.9405797101449276,0.5773776493131201
reid,crossview_cam3,original,30,9,0.8485185185185186,0.9392592592592592,0.5923167271764311
reid,crossview_cam3,original,30,10,0.847037037037037,0.9503703703703704,0.6254438878340475
reid,crossview_cam3,original,30,11,0.8428104575163399,0.942156862745098,0.553017206449821
reid,crossview_cam3,original,30,12,0.846,0.9426666666666667,0.5458090373791987
reid,crossview_cam3,original,30,13,0.8246376811594203,0.9391304347826087,0.5868183952428694
reid,crossview_cam3,original,30,14,0.8343971631205673,0.9358156028368795,0.5771689693506764
reid,crossview_cam3,original,30,15,0.8107638888888888,0.9256944444444445,0.5534729518960232
reid,crossview_cam3,original,30,16,0.8380434782608696,0.9427536231884058,0.5807425290604168
reid,crossview_cam3,original,30,17,0.8623188405797102,0.9503623188405798,0.5970912475696137
reid,crossview_cam3,original,30,18,0.8703703703703703,0.9392592592592592,0.5915763984976559
reid,crossview_cam3,original,30,19,0.8373188405797102,0.9307971014492754,0.5780003934297433
reid,crossview_cam3,original,30,20,0.8460992907801419,0.9432624113475178,0.564731660433066
reid,crossview_cam3,original,30,21,0.8326086956521739,0.9199275362318841,0.5611475536470478
reid,crossview_cam3,original,30,22,0.8305555555555556,0.9347222222222222,0.5680375538393423
reid,crossview_cam3,original,30,23,0.851360544217687,0.9357142857142857,0.5649300259329579
reid,crossview_cam3,original,30,24,0.8578014184397164,0.9460992907801419,0.5837750345545886
reid,crossview_cam3,original,30,25,0.8673758865248227,0.9464539007092199,0.5788675042872262
reid,crossview_cam3,original,30,26,0.8465986394557823,0.9523809523809523,0.5582996121766052
reid,crossview_cam3,original,30,27,0.8253623188405798,0.9369565217391305,0.5627978297880325
reid,crossview_cam3,original,30,28,0.8277777777777777,0.9351851851851852,0.5866928385743736
reid,crossview_cam3,original,30,29,0.8282608695652174,0.9333333333333333,0.5945506119759123
reid,crossview_cam3,original,38,0,0.8061111111111111,0.9266666666666666,0.5360960233158116
reid,crosssetup,original,5,0,0.7466666666666667,0.8366666666666667,0.7126939429905389
reid,crosssetup,original,5,1,0.6533333333333333,0.8266666666666667,0.6176683360149409
reid,crosssetup,original,5,2,0.66,0.84,0.6095012603270824
reid,crosssetup,original,5,3,0.675,0.8166666666666667,0.6632769077086313
reid,crosssetup,original,5,4,0.72,0.9066666666666666,0.585305622676676
reid,crosssetup,original,5,5,0.73,0.8666666666666667,0.7334323318283782
reid,crosssetup,original,5,6,0.7333333333333333,0.8166666666666667,0.659711004655192
reid,crosssetup,original,5,7,0.7366666666666667,0.9333333333333333,0.7500829479166303
reid,crosssetup,original,5,8,0.67,0.89,0.6207467008019006
reid,crosssetup,original,5,9,0.7305555555555555,0.7861111111111111,0.6878840448291922
reid,crosssetup,original,5,10,0.75,0.9333333333333333,0.7613991336380582
reid,crosssetup,original,5,11,0.5133333333333333,0.7166666666666667,0.6094118250071232
reid,crosssetup,original,5,12,0.5833333333333334,0.78,0.5490786186091823
reid,crosssetup,original,5,13,0.6733333333333333,0.85,0.641774532423367
reid,crosssetup,original,5,14,0.5694444444444444,0.7833333333333333,0.5838944507487077
reid,crosssetup,original,5,15,0.8466666666666667,0.9433333333333334,0.7409831277844019
reid,crosssetup,original,5,16,0.5333333333333333,0.7733333333333333,0.45414146194830834
reid,crosssetup,original,5,17,0.4638888888888889,0.6916666666666667,0.5194942503565907
reid,crosssetup,original,5,18,0.42,0.7233333333333334,0.5452444956846692
reid,crosssetup,original,5,19,0.7333333333333333,0.8166666666666667,0.659711004655192
reid,crosssetup,original,5,20,0.57,0.7766666666666666,0.5720265731658183
reid,crosssetup,original,5,21,0.7433333333333333,0.8433333333333334,0.7096651810197214
reid,crosssetup,original,5,22,0.7033333333333334,0.8933333333333333,0.5913064557305412
reid,crosssetup,original,5,23,0.7733333333333333,0.93,0.6996622754136101
reid,crosssetup,original,5,24,0.83,0.9466666666666667,0.8135830524596158
reid,crosssetup,original,5,25,0.6805555555555556,0.8333333333333334,0.640863708474666
reid,crosssetup,original,5,26,0.61,0.83,0.6032088943218435
reid,crosssetup,original,5,27,0.73,0.92,0.678598493614944
reid,crosssetup,original,5,28,0.68,0.8433333333333334,0.7183930442414098
reid,crosssetup,original,5,29,0.7566666666666667,0.8666666666666667,0.7787249997372718
reid,crosssetup,original,10,0,0.556060606060606,0.7454545454545455,0.5480321022893483
reid,crosssetup,original,10,1,0.48333333333333334,0.6681818181818182,0.44472471431255345
reid,crosssetup,original,10,2,0.4954545454545455,0.6954545454545454,0.44992300404396807
reid,crosssetup,original,10,3,0.41515151515151516,0.6136363636363636,0.43450993111530156
reid,crosssetup,original,10,4,0.5783333333333334,0.7483333333333333,0.5650974659929707
reid,crosssetup,original,10,5,0.5083333333333333,0.725,0.5464578764368052
reid,crosssetup,original,10,6,0.65,0.8316666666666667,0.604953035013677
reid,crosssetup,original,10,7,0.5783333333333334,0.7566666666666667,0.568439123267282
reid,crosssetup,original,10,8,0.5712121212121212,0.7606060606060606,0.5608609205652502
reid,crosssetup,original,10,9,0.43666666666666665,0.695,0.49026006030588304
reid,crosssetup,original,10,10,0.5833333333333334,0.7696969696969697,0.5528843091769019
reid,crosssetup,original,10,11,0.4575757575757576,0.5696969696969697,0.4158378266611809
reid,crosssetup,original,10,12,0.6924242424242424,0.8121212121212121,0.6301720130168196
reid,crosssetup,original,10,13,0.5909090909090909,0.706060606060606,0.5768283607376805
reid,crosssetup,original,10,14,0.5333333333333333,0.6416666666666667,0.5026208937325062
reid,crosssetup,original,10,15,0.5383333333333333,0.75,0.539960130871502
reid,crosssetup,original,10,16,0.6383333333333333,0.7783333333333333,0.5623577423604299
reid,crosssetup,original,10,17,0.5433333333333333,0.705,0.5425857228435654
reid,crosssetup,original,10,18,0.3787878787878788,0.5803030303030303,0.3998813406980468
reid,crosssetup,original,10,19,0.6383333333333333,0.835,0.599401711750715
reid,crosssetup,original,10,20,0.4954545454545455,0.6393939393939394,0.4788535958417547
reid,crosssetup,original,10,21,0.5636363636363636,0.7227272727272728,0.4920927023835298
reid,crosssetup,original,10,22,0.3939393939393939,0.593939393939394,0.4627081508174933
reid,crosssetup,original,10,23,0.556060606060606,0.7424242424242424,0.5521917929713374
reid,crosssetup,original,10,24,0.6133333333333333,0.7466666666666667,0.5987563163025325
reid,crosssetup,original,10,25,0.5136363636363637,0.6606060606060606,0.5172830942266041
reid,crosssetup,original,10,26,0.5303030303030303,0.7515151515151515,0.5503688756636925
reid,crosssetup,original,10,27,0.3424242424242424,0.5590909090909091,0.3892184354560093
reid,crosssetup,original,10,28,0.47878787878787876,0.65,0.446137510275837
reid,crosssetup,original,10,29,0.5242424242424243,0.7106060606060606,0.4952257419595614
reid,crosssetup,original,15,0,0.46041666666666664,0.621875,0.4472165874472811
reid,crosssetup,original,15,1,0.48333333333333334,0.6364583333333333,0.47370831340996544
reid,crosssetup,original,15,2,0.41770833333333335,0.5864583333333333,0.42630678802665334
reid,crosssetup,original,15,3,0.44,0.6477777777777778,0.46322008161543815
reid,crosssetup,original,15,4,0.45625,0.6208333333333333,0.44001498967087954
reid,crosssetup,original,15,5,0.49895833333333334,0.671875,0.4834600457561507
reid,crosssetup,original,15,6,0.49166666666666664,0.60625,0.4726645925922122
reid,crosssetup,original,15,7,0.4666666666666667,0.615625,0.454833788076695
reid,crosssetup,original,15,8,0.42604166666666665,0.5864583333333333,0.404548019042456
reid,crosssetup,original,15,9,0.45625,0.6020833333333333,0.446029717961359
reid,crosssetup,original,15,10,0.459375,0.603125,0.4476336858475712
reid,crosssetup,original,15,11,0.5244444444444445,0.6833333333333333,0.4772293718381659
reid,crosssetup,original,15,12,0.51875,0.6739583333333333,0.4675791230917917
reid,crosssetup,original,15,13,0.5447916666666667,0.7114583333333333,0.5143409684196367
reid,crosssetup,original,15,14,0.46041666666666664,0.61875,0.4766597806867098
reid,crosssetup,original,15,15,0.4791666666666667,0.6260416666666667,0.46792294425192077
reid,crosssetup,original,15,16,0.5520833333333334,0.6791666666666667,0.4947415560318113
reid,crosssetup,original,15,17,0.44479166666666664,0.6541666666666667,0.436949670050396
reid,crosssetup,original,15,18,0.4479166666666667,0.6114583333333333,0.4390375765387377
reid,crosssetup,original,15,19,0.4979166666666667,0.6708333333333333,0.468767179063291
reid,crosssetup,original,15,20,0.40520833333333334,0.5895833333333333,0.41512245519717883
reid,crosssetup,original,15,21,0.48125,0.6291666666666667,0.46376077202150134
reid,crosssetup,original,15,22,0.440625,0.6333333333333333,0.43145007471510677
reid,crosssetup,original,15,23,0.40520833333333334,0.5916666666666667,0.41074464217161266
reid,crosssetup,original,15,24,0.525,0.640625,0.4607867070521169
reid,crosssetup,original,15,25,0.5104166666666666,0.6416666666666667,0.47899837880007606
reid,crosssetup,original,15,26,0.39791666666666664,0.5822916666666667,0.38172338280871837
reid,crosssetup,original,15,27,0.40729166666666666,0.56875,0.3937917214562891
reid,crosssetup,original,15,28,0.475,0.6083333333333333,0.4588717600346998
reid,crosssetup,original,15,29,0.5135416666666667,0.665625,0.4893964350183984
face,crossview_cam2,original,5,0,1.0,1.0,0.960940208243826
face,crossview_cam2,original,5,1,0.7380952380952381,0.9047619047619048,0.863844164586742
face,crossview_cam2,original,5,2,0.8916666666666667,0.975,0.927607451998261
face,crossview_cam2,original,5,3,0.9916666666666667,0.9958333333333333,0.9446213094341398
face,crossview_cam2,original,5,4,0.9856801909307876,1.0,0.8938879575662262
face,crossview_cam2,original,5,5,0.9925925925925926,0.9981481481481481,0.9454555247143851
face,crossview_cam2,original,5,6,0.9972144846796658,1.0,0.9548424518022706
face,crossview_cam2,original,5,7,0.9972222222222222,0.9972222222222222,0.9100902440842238
face,crossview_cam2,original,5,8,0.9944444444444445,0.9962962962962963,0.9404196315598774
face,crossview_cam2,original,5,9,0.8914858096828047,0.996661101836394,0.8702483592970298
face,crossview_cam2,original,5,10,1.0,1.0,0.9516034199800828
face,crossview_cam2,original,5,11,0.7896494156928213,0.9749582637729549,0.8449940608338757
face,crossview_cam2,original,5,12,1.0,1.0,0.9609724985257541
face,crossview_cam2,original,5,13,0.9904534606205251,0.9928400954653938,0.9163824205233299
face,crossview_cam2,original,5,14,0.9944444444444445,0.9962962962962963,0.9799361003473197
face,crossview_cam2,original,5,15,0.9976133651551312,1.0,0.8860071663814346
face,crossview_cam2,original,5,16,0.9832985386221295,0.9958246346555324,0.929315696036312
face,crossview_cam2,original,5,17,0.9925925925925926,0.9962962962962963,0.9685664687380655
face,crossview_cam2,original,5,18,1.0,1.0,0.9598281511008877
face,crossview_cam2,original,5,19,0.9888888888888889,0.9972222222222222,0.9328408063884521
face,crossview_cam2,original,5,20,0.9904534606205251,0.9928400954653938,0.939721309696853
face,crossview_cam2,original,5,21,0.9944444444444445,1.0,0.9421926995299631
face,crossview_cam2,original,5,22,0.9972222222222222,0.9972222222222222,0.9815836496763644
face,crossview_cam2,original,5,23,0.9976190476190476,1.0,0.917662252395353
face,crossview_cam2,original,5,24,0.7944444444444444,0.9888888888888889,0.8801269283526573
face,crossview_cam2,original,5,25,0.9962894248608535,0.9981447124304267,0.9567545428665072
face,crossview_cam2,original,5,26,0.9916666666666667,0.9966666666666667,0.927595459760405
face,crossview_cam2,original,5,27,0.9981481481481481,0.9981481481481481,0.9491991209863196
face,crossview_cam2,original,5,28,0.99375,0.9979166666666667,0.9439423222256388
face,crossview_cam2,original,5,29,0.9904534606205251,1.0,0.9420588569462734
face,crossview_cam2,original,10,0,0.9627085377821394,0.9960745829244357,0.8951282198585616
face,crossview_cam2,original,10,1,0.8925964546402503,0.9833159541188738,0.8859348537002418
face,crossview_cam2,original,10,2,0.8760416666666667,0.9510416666666667,0.881832056664918
face,crossview_cam2,original,10,3,0.9952324195470799,0.9976162097735399,0.9383339814549136
face,crossview_cam2,original,10,4,0.9694444444444444,0.9902777777777778,0.8675188314750965
face,crossview_cam2,original,10,5,0.9882352941176471,0.996078431372549,0.9030947994265072
face,crossview_cam2,original,10,6,0.9871630295250321,0.9974326059050064,0.9242386887234735
face,crossview_cam2,original,10,7,0.986444212721585,0.9947862356621481,0.923539146688611
face,crossview_cam2,original,10,8,0.9944444444444445,0.9988888888888889,0.9509406830600612
face,crossview_cam2,original,10,9,0.9897435897435898,0.9974358974358974,0.9434026819179774
face,crossview_cam2,original,10,10,0.9801670146137788,0.9926931106471816,0.9260770518459912
face,crossview_cam2,original,10,11,0.9833333333333333,0.9916666666666667,0.902766667003951
face,crossview_cam2,original,10,12,0.9899888765294772,0.9933259176863182,0.9142168052236562
face,crossview_cam2,original,10,13,0.9940405244338498,0.9964243146603099,0.9283679541616096
face,crossview_cam2,original,10,14,0.9509906152241918,0.9812304483837331,0.8888901685499363
face,crossview_cam2,original,10,15,0.985897435897436,0.9935897435897436,0.9271925176661682
face,crossview_cam2,original,10,16,0.9899888765294772,0.9988876529477196,0.948468202934964
face,crossview_cam2,original,10,17,0.9866518353726362,0.996662958843159,0.9415645411326342
face,crossview_cam2,original,10,18,0.9977777777777778,1.0,0.9419560704794342
face,crossview_cam2,original,10,19,0.9499478623566214,0.9947862356621481,0.9353605519093838
face,crossview_cam2,original,10,20,0.869351669941061,0.9666011787819253,0.840949182301598
face,crossview_cam2,original,10,21,0.9833333333333333,0.99375,0.916805316546643
face,crossview_cam2,original,10,22,0.9784313725490196,0.9970588235294118,0.9369198935368726
face,crossview_cam2,original,10,23,0.9645833333333333,0.996875,0.8862233340794657
face,crossview_cam2,original,10,24,0.8184494602551521,0.971540726202159,0.8472643045243379
face,crossview_cam2,original,10,25,0.7866549604916594,0.9675153643546971,0.8643669111389717
face,crossview_cam2,original,10,26,0.9911012235817576,0.9955506117908788,0.8948605713467352
face,crossview_cam2,original,10,27,0.9555555555555556,0.9925925925925926,0.9334100195960456
face,crossview_cam2,original,10,28,0.9756410256410256,0.985897435897436,0.9072303059822296
face,crossview_cam2,original,10,29,0.8173836698858647,0.9736611062335382,0.8386621667449409
face,crossview_cam2,original,15,0,0.9644670050761421,0.9912980420594634,0.9119681977720857
face,crossview_cam2,original,15,1,0.9098208770846201,0.9765287214329833,0.8628799620389289
face,crossview_cam2,original,15,2,0.9325246398786959,0.9658832448824868,0.899425909463351
face,crossview_cam2,original,15,3,0.8910065515187612,0.97736748064324,0.865573183137502
face,crossview_cam2,original,15,4,0.9068181818181819,0.990909090909091,0.9028740016891617
face,crossview_cam2,original,15,5,0.7838559039359573,0.9759839893262174,0.8351504734699252
face,crossview_cam2,original,15,6,0.8763888888888889,0.9826388888888888,0.8778299363310101
face,crossview_cam2,original,15,7,0.8621190130624092,0.9528301886792453,0.8611889865274971
face,crossview_cam2,original,15,8,0.8561728395061728,0.9666666666666667,0.8618041374631797
face,crossview_cam2,original,15,9,0.9341117597998332,0.9649708090075062,0.8711086665831074
face,crossview_cam2,original,15,10,0.829219479653102,0.9412941961307538,0.8218074004067891
face,crossview_cam2,original,15,11,0.892948717948718,0.9551282051282052,0.855169938390568
face,crossview_cam2,original,15,12,0.9283727399165508,0.9700973574408901,0.8805485914932977
face,crossview_cam2,original,15,13,0.9301587301587302,0.9626984126984127,0.8801593859258255
face,crossview_cam2,original,15,14,0.9598484848484848,0.9878787878787879,0.9127582128019521
face,crossview_cam2,original,15,15,0.981145757795504,0.9920232052211748,0.9068149556983915
face,crossview_cam2,original,15,16,0.9225,0.9641666666666666,0.8714614248762524
face,crossview_cam2,original,15,17,0.8967948717948718,0.9532051282051283,0.8530471470202253
face,crossview_cam2,original,15,18,0.9878695981804397,0.9916603487490523,0.9111578253809958
face,crossview_cam2,original,15,19,0.94,0.9675,0.876806233677727
face,crossview_cam2,original,15,20,0.9855072463768116,0.994927536231884,0.9236807758996213
face,crossview_cam2,original,15,21,0.9305555555555556,0.9819444444444444,0.908679659898934
face,crossview_cam2,original,15,22,0.8755612572161642,0.9698524695317511,0.8681715837709839
face,crossview_cam2,original,15,23,0.9862119013062409,0.9934687953555879,0.9040969953544464
face,crossview_cam2,original,15,24,0.9216823785351704,0.9789702683103698,0.9084688840003031
face,crossview_cam2,original,15,25,0.9053333333333333,0.9833333333333333,0.9010012544818082
face,crossview_cam2,original,15,26,0.9311594202898551,0.9601449275362319,0.8749045686229578
face,crossview_cam2,original,15,27,0.980542043085476,0.9895760945100764,0.9177491328965501
face,crossview_cam2,original,15,28,0.8868055555555555,0.9923611111111111,0.8685966236085859
face,crossview_cam2,original,15,29,0.8270537368746139,0.9820877084620135,0.8469021837542038
face,crossview_cam2,original,20,0,0.8118811881188119,0.9400729546638874,0.8282071007823787
face,crossview_cam2,original,20,1,0.9700977573317999,0.9948246118458884,0.8978354707000041
face,crossview_cam2,original,20,2,0.9160644802668149,0.9660922734852696,0.8655583859684404
face,crossview_cam2,original,20,3,0.9071706503613118,0.9683157309616454,0.841202972371762
face,crossview_cam2,original,20,4,0.981100611450806,0.990550305725403,0.8995197049371302
face,crossview_cam2,original,20,5,0.8890046899426784,0.9718603439291298,0.8727471230837763
face,crossview_cam2,original,20,6,0.8499242041435068,0.9530065689742294,0.8398006233832119
face,crossview_cam2,original,20,7,0.7904066736183525,0.9509906152241918,0.8282420911074716
face,crossview_cam2,original,20,8,0.81648675171737,0.9450441609421001,0.8216755846956579
face,crossview_cam2,original,20,9,0.9237641453245979,0.9720071471113758,0.8820115909178391
face,crossview_cam2,original,20,10,0.8399374348279458,0.9692387904066736,0.8337233517496219
face,crossview_cam2,original,20,11,0.8144867118290776,0.9468473163105784,0.8201635527884884
face,crossview_cam2,original,20,12,0.9166666666666666,0.9833333333333333,0.8717706570440833
face,crossview_cam2,original,20,13,0.9058127018299247,0.9752421959095802,0.849267715782828
face,crossview_cam2,original,20,14,0.9458051068264721,0.9676915059927045,0.8866311096647926
face,crossview_cam2,original,20,15,0.8196977592496092,0.9494528400208442,0.8292036226858327
face,crossview_cam2,original,20,16,0.89421573736321,0.9708181344450234,0.8550340897908069
face,crossview_cam2,original,20,17,0.8800430338891877,0.9849381387842926,0.8767611747691072
face,crossview_cam2,original,20,18,0.848989898989899,0.9338383838383838,0.8303751003799403
face,crossview_cam2,original,20,19,0.9271412680756396,0.9699666295884316,0.8665585863752722
face,crossview_cam2,original,20,20,0.9419191919191919,0.9666666666666667,0.8906030390641293
face,crossview_cam2,original,20,21,0.9515608180839612,0.9720129171151776,0.885095734918704
face,crossview_cam2,original,20,22,0.8277777777777777,0.9631313131313132,0.8577424152088743
face,crossview_cam2,original,20,23,0.9278794402583423,0.9892357373519914,0.8914240849864336
face,crossview_cam2,original,20,24,0.9416058394160584,0.9739311783107404,0.8767288516811342
face,crossview_cam2,original,20,25,0.8817584638706417,0.9621020717534108,0.8736473923119258
face,crossview_cam2,original,20,26,0.9535974973931178,0.9801876955161627,0.877436257741894
face,crossview_cam2,original,20,27,0.8675821481118196,0.9700833742030407,0.8580190186610598
face,crossview_cam2,original,20,28,0.8748773307163886,0.9710500490677134,0.8462680130272504
face,crossview_cam2,original,20,29,0.9045428407130535,0.9838987924094307,0.8787472178402627
face,crossview_cam2,original,25,0,0.8101667990468626,0.9499602859412232,0.8216868415451454
face,crossview_cam2,original,25,1,0.9450202794051374,0.9729607931500676,0.8796225085468563
face,crossview_cam2,original,25,2,0.9236507240017552,0.96752961825362,0.8830460635757613
face,crossview_cam2,original,25,3,0.8670371953826421,0.9516887558785806,0.8496541171093097
face,crossview_cam2,original,25,4,0.8803169307756463,0.9645537948290241,0.840008424098117
face,crossview_cam2,original,25,5,0.8494837172359015,0.9725972994440032,0.8356167804936485
face,crossview_cam2,original,25,6,0.8531326281529699,0.9654190398698128,0.8337607931299934
face,crossview_cam2,original,25,7,0.8184210526315789,0.9618421052631579,0.8257336348797268
face,crossview_cam2,original,25,8,0.8616090037515631,0.96040016673614,0.8466646956408193
face,crossview_cam2,original,25,9,0.8486178148310662,0.9504168494953927,0.8193642331183248
face,crossview_cam2,original,25,10,0.8487189914599431,0.9613664091093941,0.8365077340658211
face,crossview_cam2,original,25,11,0.9118034225537517,0.9754278192189557,0.8710614840888349
face,crossview_cam2,original,25,12,0.8623853211009175,0.9528773978315263,0.8354005500603583
face,crossview_cam2,original,25,13,0.8256880733944955,0.9532944120100083,0.8294547197766493
face,crossview_cam2,original,25,14,0.8306922435362802,0.9628857381150959,0.8293160742275175
face,crossview_cam2,original,25,15,0.8424603174603175,0.9638888888888889,0.8591753389216081
face,crossview_cam2,original,25,16,0.857259048393656,0.9605530703538023,0.8486834419681093
face,crossview_cam2,original,25,17,0.8797141722905915,0.9741961095672886,0.86055637885176
face,crossview_cam2,original,25,18,0.8541488451668092,0.9525235243798118,0.8334723880650902
face,crossview_cam2,original,25,19,0.8766461808604039,0.9473222124670764,0.8516289584657872
face,crossview_cam2,original,25,20,0.821472143147621,0.9455063033753558,0.8210621758583034
face,crossview_cam2,original,25,21,0.8482257374946558,0.9542539546814878,0.8211766970519245
face,crossview_cam2,original,25,22,0.9035166816952209,0.9522091974752029,0.8524804147653752
face,crossview_cam2,original,25,23,0.8791162984576907,0.9583159649854106,0.8343424885318516
face,crossview_cam2,original,25,24,0.8349722103463019,0.9512612227447628,0.8334637284309114
face,crossview_cam2,original,25,25,0.8576078112286412,0.9694873881204231,0.8432601561820949
face,crossview_cam2,original,25,26,0.852660841938046,0.9523431294678316,0.8293500094435672
face,crossview_cam2,original,25,27,0.9274697790746145,0.9733222175906627,0.8551787892551022
face,crossview_cam2,original,25,28,0.8929564411492122,0.9670991658943466,0.8700189661663495
face,crossview_cam2,original,25,29,0.8665607625099285,0.9579030976965845,0.8358910145007662
face,crossview_cam2,original,30,0,0.8543722354542361,0.960871044572984,0.8414788370357028
face,crossview_cam2,original,30,1,0.868346344925479,0.9499645138396026,0.8149284900293932
face,crossview_cam2,original,30,2,0.830090340514246,0.9419735927727588,0.8206716086125344
face,crossview_cam2,original,30,3,0.8989003192621497,0.9716211422490245,0.8570678505330668
face,crossview_cam2,original,30,4,0.8256614715476622,0.9412830735773831,0.8173325483778234
face,crossview_cam2,original,30,5,0.8819148936170212,0.949290780141844,0.8348277913623854
face,crossview_cam2,original,30,6,0.8187300461156438,0.9492727917701312,0.8270326611044165
face,crossview_cam2,original,30,7,0.9006526468455403,0.9691805656272662,0.8582596781846384
face,crossview_cam2,original,30,8,0.8474084813338166,0.9550561797752809,0.8345911845876242
face,crossview_cam2,original,30,9,0.8791697553743514,0.9614529280948851,0.8621655946243315
face,crossview_cam2,original,30,10,0.8917716827279466,0.9699777613046702,0.8525951782089204
face,crossview_cam2,original,30,11,0.8453743053285387,0.9581562602157568,0.8301397745516772
face,crossview_cam2,original,30,12,0.8592394929953302,0.966310873915944,0.8414874224766268
face,crossview_cam2,original,30,13,0.8208846990572879,0.9532269760696157,0.8177160186088993
face,crossview_cam2,original,30,14,0.8566867683575736,0.9471443774388081,0.8324077061303436
face,crossview_cam2,original,30,15,0.8582348853370396,0.9541348158443363,0.8371377899876864
face,crossview_cam2,original,30,16,0.8796665458499456,0.9561435302645886,0.8338636589244823
face,crossview_cam2,original,30,17,0.8970268310369833,0.9557650471356055,0.852900265675059
face,crossview_cam2,original,30,18,0.8862120088954781,0.9570051890289103,0.8539340053027796
face,crossview_cam2,original,30,19,0.8575054387237129,0.9583031182015953,0.8305833466826955
face,crossview_cam2,original,30,20,0.9034776437189496,0.9694819020581973,0.8447791045106007
face,crossview_cam2,original,30,21,0.8669325598259608,0.9383611312545322,0.8206988548184818
face,crossview_cam2,original,30,22,0.8808614102118791,0.9555401180965613,0.8313654787683799
face,crossview_cam2,original,30,23,0.8662355343771273,0.9513274336283186,0.8306961435001825
face,crossview_cam2,original,30,24,0.9166371053565094,0.9691379921958141,0.8511980889662114
face,crossview_cam2,original,30,25,0.8992193044712562,0.968417317246274,0.8570671329377745
face,crossview_cam2,original,30,26,0.8590878148400273,0.9680054458815521,0.836110964736949
face,crossview_cam2,original,30,27,0.860768672951414,0.9430746918056563,0.8254026066682965
face,crossview_cam2,original,30,28,0.8984809188588366,0.9529455353834754,0.8511045049181196
face,crossview_cam2,original,30,29,0.8560551124002901,0.9499637418419145,0.8310834726301631
face,crossview_cam2,original,38,0,0.8318510283490829,0.9449694274596998,0.8169649173275227
face,crossview_cam3,original,5,0,0.9646840148698885,0.9888475836431226,0.8398856869687201
face,crossview_cam3,original,5,1,0.7586206896551724,0.8514588859416445,0.6723630595345076
face,crossview_cam3,original,5,2,0.7154811715481172,0.7615062761506276,0.8255910225399281
face,crossview_cam3,original,5,3,0.8009153318077803,0.9565217391304348,0.8423278600118932
face,crossview_cam3,original,5,4,0.7468671679197995,0.8796992481203008,0.5932341981085214
face,crossview_cam3,original,5,5,0.8951310861423221,0.9719101123595506,0.7712988553869632
face,crossview_cam3,original,5,6,0.9798270893371758,1.0,0.8114860163672726
face,crossview_cam3,original,5,7,0.7988505747126436,0.867816091954023,0.6663744095577451
face,crossview_cam3,original,5,8,0.7784090909090909,0.9431818181818182,0.7817507368502978
face,crossview_cam3,original,5,9,0.634508348794063,0.9202226345083488,0.7435882843038681
face,crossview_cam3,original,5,10,0.8473684210526315,0.9578947368421052,0.7867284541583432
face,crossview_cam3,original,5,11,0.5677530017152659,0.8216123499142367,0.6450923581996049
face,crossview_cam3,original,5,12,0.8540145985401459,0.9391727493917275,0.7691358922747547
face,crossview_cam3,original,5,13,0.8642659279778393,0.9307479224376731,0.7454715211796459
face,crossview_cam3,original,5,14,0.9407407407407408,0.9611111111111111,0.8541089912391451
face,crossview_cam3,original,5,15,0.9112903225806451,0.978494623655914,0.6965906515049142
face,crossview_cam3,original,5,16,0.9159663865546218,0.9831932773109243,0.7799112882800813
face,crossview_cam3,original,5,17,0.9296296296296296,0.9703703703703703,0.8221550177619525
face,crossview_cam3,original,5,18,0.8473684210526315,0.9184210526315789,0.806908587906437
face,crossview_cam3,original,5,19,0.8597014925373134,0.8925373134328358,0.7917645874351836
face,crossview_cam3,original,5,20,0.9194444444444444,0.9444444444444444,0.7072227182406093
face,crossview_cam3,original,5,21,0.9287128712871288,0.996039603960396,0.7966423277595244
face,crossview_cam3,original,5,22,0.9458689458689459,0.9572649572649573,0.8478310897196433
face,crossview_cam3,original,5,23,0.8329297820823245,0.9685230024213075,0.7399764498719839
face,crossview_cam3,original,5,24,0.7947686116700201,0.8893360160965795,0.7803547179048748
face,crossview_cam3,original,5,25,0.9534412955465587,0.9676113360323887,0.8139225918509367
face,crossview_cam3,original,5,26,0.9101694915254237,0.9830508474576272,0.7853474295482712
face,crossview_cam3,original,5,27,0.9264150943396227,0.9849056603773585,0.8237609287213267
face,crossview_cam3,original,5,28,0.9177215189873418,0.9725738396624473,0.826580330965137
face,crossview_cam3,original,5,29,0.9280397022332506,0.9950372208436724,0.8341032095299076
face,crossview_cam3,original,10,0,0.6607700312174818,0.8605619146722164,0.6897594377471357
face,crossview_cam3,original,10,1,0.713495575221239,0.8329646017699115,0.7293081777756767
face,crossview_cam3,original,10,2,0.7417582417582418,0.8098901098901099,0.7006656696932471
face,crossview_cam3,original,10,3,0.8955613577023499,0.9386422976501305,0.7709780890864555
face,crossview_cam3,original,10,4,0.6265243902439024,0.7652439024390244,0.5643297128575011
face,crossview_cam3,original,10,5,0.8422619047619048,0.939484126984127,0.6750847948059406
face,crossview_cam3,original,10,6,0.7609289617486339,0.8469945355191257,0.704384471990932
face,crossview_cam3,original,10,7,0.8863387978142077,0.9431693989071038,0.7654479196379758
face,crossview_cam3,original,10,8,0.8464125560538116,0.9136771300448431,0.7415889663252896
face,crossview_cam3,original,10,9,0.8869448183041723,0.9300134589502019,0.7706987962323073
face,crossview_cam3,original,10,10,0.7384615384615385,0.8593406593406593,0.7085303262301125
face,crossview_cam3,original,10,11,0.7942430703624733,0.8901918976545842,0.6602690238796813
face,crossview_cam3,original,10,12,0.8041362530413625,0.9428223844282239,0.7059462849791777
face,crossview_cam3,original,10,13,0.8787878787878788,0.9288537549407114,0.7484036328205765
face,crossview_cam3,original,10,14,0.7587336244541485,0.8995633187772926,0.6992862640288273
face,crossview_cam3,original,10,15,0.8326417704011065,0.9114799446749654,0.7597252011112371
face,crossview_cam3,original,10,16,0.8907657657657657,0.9740990990990991,0.7788835107392811
face,crossview_cam3,original,10,17,0.9019165727170236,0.9560315670800451,0.7887591355545994
face,crossview_cam3,original,10,18,0.9209039548022598,0.9751412429378531,0.7683222267902694
face,crossview_cam3,original,10,19,0.9065217391304348,0.9586956521739131,0.7808775549524475
face,crossview_cam3,original,10,20,0.7974816369359916,0.8866736621196223,0.64852788526211
face,crossview_cam3,original,10,21,0.7473684210526316,0.8936842105263157,0.7237418947648704
face,crossview_cam3,original,10,22,0.7984031936127745,0.9251497005988024,0.7526500078945395
face,crossview_cam3,original,10,23,0.791220556745182,0.9411134903640257,0.6608238240054346
face,crossview_cam3,original,10,24,0.6765873015873016,0.8045634920634921,0.6579733543500486
face,crossview_cam3,original,10,25,0.7245989304812834,0.8244206773618539,0.7040574263026855
face,crossview_cam3,original,10,26,0.8487394957983193,0.9423769507803121,0.7019826802958247
face,crossview_cam3,original,10,27,0.6854684512428298,0.8738049713193117,0.7378725119132048
face,crossview_cam3,original,10,28,0.8616874135546335,0.9114799446749654,0.7623802451802804
face,crossview_cam3,original,10,29,0.7052919708029197,0.8658759124087592,0.6563681036640395
face,crossview_cam3,original,15,0,0.766348273328435,0.8677443056576047,0.7103406467647223
face,crossview_cam3,original,15,1,0.6788461538461539,0.8346153846153846,0.6659014822435132
face,crossview_cam3,original,15,2,0.6552845528455284,0.8260162601626017,0.6656976866368541
face,crossview_cam3,original,15,3,0.6518873576992211,0.8364289994008388,0.6572806485574219
face,crossview_cam3,original,15,4,0.7565891472868217,0.8790697674418605,0.6497983254230867
face,crossview_cam3,original,15,5,0.5141868512110727,0.7017301038062284,0.5915706430756359
face,crossview_cam3,original,15,6,0.6528169014084507,0.8140845070422535,0.6757680370458505
face,crossview_cam3,original,15,7,0.5693707354056103,0.7202426080363912,0.5955209629810666
face,crossview_cam3,original,15,8,0.6633165829145728,0.8605527638190955,0.641082976478303
face,crossview_cam3,original,15,9,0.7304900181488203,0.8366606170598911,0.5836913904981066
face,crossview_cam3,original,15,10,0.6030116358658453,0.7967145790554415,0.5657964633899552
face,crossview_cam3,original,15,11,0.7123376623376624,0.8551948051948052,0.6222690278220753
face,crossview_cam3,original,15,12,0.748533724340176,0.8973607038123167,0.6847748137904855
face,crossview_cam3,original,15,13,0.7581047381546134,0.8512053200332502,0.6213022708867898
face,crossview_cam3,original,15,14,0.7945945945945946,0.8818532818532818,0.6898695670863636
face,crossview_cam3,original,15,15,0.8227474150664698,0.912850812407681,0.6742916984224607
face,crossview_cam3,original,15,16,0.6857654431512982,0.8137869292748433,0.6227483355147595
face,crossview_cam3,original,15,17,0.7074433656957929,0.8867313915857605,0.6425061491918769
face,crossview_cam3,original,15,18,0.8207171314741036,0.9051792828685259,0.6648540333650196
face,crossview_cam3,original,15,19,0.8202643171806168,0.8898678414096917,0.6686262485164599
face,crossview_cam3,original,15,20,0.8013245033112583,0.9315673289183223,0.7540715871003669
face,crossview_cam3,original,15,21,0.7606534090909091,0.859375,0.6861200098575557
face,crossview_cam3,original,15,22,0.685003274394237,0.8107400130975769,0.6764998470107366
face,crossview_cam3,original,15,23,0.8651515151515151,0.9303030303030303,0.694663204724091
face,crossview_cam3,original,15,24,0.7390659747961453,0.8250555967383247,0.6883330987356713
face,crossview_cam3,original,15,25,0.6832087015635622,0.8810333106730116,0.7135856483637347
face,crossview_cam3,original,15,26,0.7273397199705232,0.8540899042004422,0.6262570872587553
face,crossview_cam3,original,15,27,0.8333333333333334,0.9118086696562033,0.7473955800400577
face,crossview_cam3,original,15,28,0.5612391930835735,0.7982708933717579,0.646226430408956
face,crossview_cam3,original,15,29,0.5753164556962025,0.8132911392405063,0.6271830745449812
face,crossview_cam3,original,20,0,0.5406283856988082,0.7703141928494042,0.5830575352517225
face,crossview_cam3,original,20,1,0.7201946472019465,0.8454987834549879,0.6730820428480734
face,crossview_cam3,original,20,2,0.6542274052478134,0.7900874635568513,0.6181438902720844
face,crossview_cam3,original,20,3,0.6872832369942197,0.807514450867052,0.6025432448534638
face,crossview_cam3,original,20,4,0.8111174134997164,0.9001701644923426,0.6606696689745267
face,crossview_cam3,original,20,5,0.6233062330623306,0.7924119241192412,0.6383347515866642
face,crossview_cam3,original,20,6,0.6317727511835876,0.7943187795896897,0.6029305187959614
face,crossview_cam3,original,20,7,0.640461792193513,0.7800989554700385,0.6155237381120277
face,crossview_cam3,original,20,8,0.5843558282208589,0.7980572597137015,0.5735786531622331
face,crossview_cam3,original,20,9,0.6821656050955414,0.813375796178344,0.6268629292283627
face,crossview_cam3,original,20,10,0.662451896646509,0.8158328752061572,0.6091551856638469
face,crossview_cam3,original,20,11,0.5812534664448142,0.7432057681641708,0.5831149902032644
face,crossview_cam3,original,20,12,0.7396580253723111,0.8472145615002757,0.6454107699352306
face,crossview_cam3,original,20,13,0.6891133557800224,0.8181818181818182,0.6104891082230977
face,crossview_cam3,original,20,14,0.7420741536808168,0.8715744223535733,0.6227559962641727
face,crossview_cam3,original,20,15,0.615258855585831,0.7782016348773841,0.5798913673450928
face,crossview_cam3,original,20,16,0.5993395707209687,0.7776554760594386,0.6324549799688511
face,crossview_cam3,original,20,17,0.6262683201803834,0.7818489289740699,0.6665741979550928
face,crossview_cam3,original,20,18,0.6074619022595901,0.7456647398843931,0.5816776731758119
face,crossview_cam3,original,20,19,0.5835322195704057,0.7846062052505967,0.6067750598139985
face,crossview_cam3,original,20,20,0.7147995889003084,0.8406988694758479,0.65213225951341
face,crossview_cam3,original,20,21,0.7859187178019462,0.8752146536920435,0.6467013553797316
face,crossview_cam3,original,20,22,0.6255899318300996,0.8112218143681175,0.660071965195154
face,crossview_cam3,original,20,23,0.7347285067873304,0.8942307692307693,0.6746980431719336
face,crossview_cam3,original,20,24,0.6641095890410958,0.8427397260273972,0.6603428666249046
face,crossview_cam3,original,20,25,0.7603565810173046,0.8862087047718931,0.685371088751815
face,crossview_cam3,original,20,26,0.7357340720221607,0.843213296398892,0.6505487501756487
face,crossview_cam3,original,20,27,0.5733333333333334,0.7928205128205128,0.6193691043126138
face,crossview_cam3,original,20,28,0.5775862068965517,0.7692697768762677,0.5960319885878549
face,crossview_cam3,original,20,29,0.6219951923076923,0.7506009615384616,0.6182763109558395
face,crossview_cam3,original,25,0,0.5596520298260149,0.7348798674399337,0.5680863456427314
face,crossview_cam3,original,25,1,0.6616113744075829,0.7966824644549763,0.632872329145826
face,crossview_cam3,original,25,2,0.6393736017897091,0.8138702460850112,0.6390369918333939
face,crossview_cam3,original,25,3,0.5809906291834003,0.750111557340473,0.6145905430292017
face,crossview_cam3,original,25,4,0.5824175824175825,0.76,0.5873748513454239
face,crossview_cam3,original,25,5,0.5635382059800664,0.7628737541528239,0.596377885123687
face,crossview_cam3,original,25,6,0.600083927822073,0.7788501888375997,0.582044571675872
face,crossview_cam3,original,25,7,0.5555555555555556,0.7288523090992227,0.577173292735402
face,crossview_cam3,original,25,8,0.5787178368948975,0.7636284343654601,0.6177263626362005
face,crossview_cam3,original,25,9,0.5951509606587374,0.7589204025617566,0.5418498572124993
face,crossview_cam3,original,25,10,0.6324642556770396,0.7863751051303617,0.6069356971374091
face,crossview_cam3,original,25,11,0.6113105924596051,0.7315978456014363,0.620743848699275
face,crossview_cam3,original,25,12,0.5641803989592368,0.748915871639202,0.5816535911643602
face,crossview_cam3,original,25,13,0.5840978593272171,0.7697684578418523,0.5847433460709387
face,crossview_cam3,original,25,14,0.574617067833698,0.7811816192560175,0.5948578952819615
face,crossview_cam3,original,25,15,0.5523613963039015,0.7815195071868584,0.6348466373534031
face,crossview_cam3,original,25,16,0.5310142497904442,0.7640402347024309,0.589333259918109
face,crossview_cam3,original,25,17,0.6143317230273752,0.7785829307568438,0.6353201446072894
face,crossview_cam3,original,25,18,0.6377847253238053,0.799910674408218,0.5908752402781962
face,crossview_cam3,original,25,19,0.5909935004642526,0.7525533890436398,0.592462770028252
face,crossview_cam3,original,25,20,0.5911185588604944,0.7473816506074571,0.5874455435495833
face,crossview_cam3,original,25,21,0.5710407239819004,0.7701357466063349,0.5674460718185181
face,crossview_cam3,original,25,22,0.6671408250355618,0.7747747747747747,0.590852358155435
face,crossview_cam3,original,25,23,0.6018957345971564,0.7686342093925033,0.5758260150440686
face,crossview_cam3,original,25,24,0.5472209670131044,0.7496610935381834,0.5748467925613049
face,crossview_cam3,original,25,25,0.5594936708860759,0.7578059071729958,0.5941269539053196
face,crossview_cam3,original,25,26,0.7051016175860638,0.8228950642886769,0.6186464194115078
face,crossview_cam3,original,25,27,0.70082860880942,0.8351504579153947,0.6387495246705776
face,crossview_cam3,original,25,28,0.6578818936066374,0.7750122010736945,0.6310695776336364
face,crossview_cam3,original,25,29,0.6057971014492753,0.7685300207039337,0.6087886795394533
face,crossview_cam3,original,30,0,0.5862793139656983,0.7857892894644732,0.5933823068234771
face,crossview_cam3,original,30,1,0.6103268945022289,0.7466567607726597,0.55716163074445
face,crossview_cam3,original,30,2,0.5417877906976745,0.7380087209302325,0.5632103234086366
face,crossview_cam3,original,30,3,0.6093865484109386,0.7756836659275683,0.6143243586124623
face,crossview_cam3,original,30,4,0.5455927051671733,0.7222644376899696,0.5638682843188416
face,crossview_cam3,original,30,5,0.6323529411764706,0.7768382352941177,0.5941617112258536
face,crossview_cam3,original,30,6,0.5468053491827637,0.7221396731054978,0.5958557223602728
face,crossview_cam3,original,30,7,0.6133942161339422,0.7819634703196348,0.6075914221522734
face,crossview_cam3,original,30,8,0.5480182926829268,0.7298018292682927,0.5864807957435174
face,crossview_cam3,original,30,9,0.6449247394828251,0.7834812813585488,0.6100336828870322
face,crossview_cam3,original,30,10,0.5903943771964076,0.7723545490042952,0.5799353908321822
face,crossview_cam3,original,30,11,0.590803065644785,0.7634121959346885,0.5924834244723314
face,crossview_cam3,original,30,12,0.5734482758620689,0.766896551724138,0.5863419187694273
face,crossview_cam3,original,30,13,0.5297256097560976,0.7016006097560976,0.5506993078377055
face,crossview_cam3,original,30,14,0.5544848035581913,0.7075611564121571,0.5800841994252143
face,crossview_cam3,original,30,15,0.539440203562341,0.7346419483824064,0.5847374249547083
face,crossview_cam3,original,30,16,0.5745814307458144,0.7431506849315068,0.5724976023845699
face,crossview_cam3,original,30,17,0.602423324498296,0.7432790609617569,0.597779973357182
face,crossview_cam3,original,30,18,0.7020946470131885,0.8006206361520558,0.6030617196047725
face,crossview_cam3,original,30,19,0.6577845451084887,0.8005329272934907,0.5755653748484759
face,crossview_cam3,original,30,20,0.5766262403528115,0.7725101065784638,0.581585897162841
face,crossview_cam3,original,30,21,0.6277482941622441,0.765352539802881,0.5601084811603572
face,crossview_cam3,original,30,22,0.5418000711490573,0.7474208466737816,0.5568341126339733
face,crossview_cam3,original,30,23,0.5908771929824561,0.7350877192982456,0.5825008780009219
face,crossview_cam3,original,30,24,0.5987541223891535,0.7783070721876145,0.5868843003457802
face,crossview_cam3,original,30,25,0.6468646864686468,0.7766776677667767,0.6065984225859195
face,crossview_cam3,original,30,26,0.5933521923620934,0.7482319660537482,0.6064481708646059
face,crossview_cam3,original,30,27,0.5674028941355674,0.7475247524752475,0.5632916683741033
face,crossview_cam3,original,30,28,0.5982108129132633,0.7674056787242318,0.5991838735471576
face,crossview_cam3,original,30,29,0.5832066869300911,0.7306231003039514,0.5787320886116731
face,crossview_cam3,original,38,0,0.5237131289762869,0.7001156737998844,0.5525488696203578
face,crosssetup,original,5,0,0.9833333333333333,0.99,0.9760356678320189
face,crosssetup,original,5,1,0.92,0.99,0.9465000008555573
face,crosssetup,original,5,2,0.9833333333333333,0.99,0.9837427625384855
face,crosssetup,original,5,3,0.9861111111111112,0.9916666666666667,0.9792838856005521
face,crosssetup,original,5,4,0.9866666666666667,0.9866666666666667,0.9286618478232163
face,crosssetup,original,5,5,0.99,0.9966666666666667,0.983078294366724
face,crosssetup,original,5,6,0.9933333333333333,1.0,0.9746416880303074
face,crosssetup,original,5,7,0.8366666666666667,0.9966666666666667,0.9109638100350579
face,crosssetup,original,5,8,0.99,0.99,0.9254893774333488
face,crosssetup,original,5,9,0.9333333333333333,0.9888888888888889,0.9100323369116252
face,crosssetup,original,5,10,0.9766666666666667,0.9833333333333333,0.9443553508269864
face,crosssetup,original,5,11,0.9833333333333333,0.99,0.9474763843251041
face,crosssetup,original,5,12,0.9933333333333333,0.9966666666666667,0.962967807043529
face,crosssetup,original,5,13,0.9733333333333334,0.9766666666666667,0.9455884714686372
face,crosssetup,original,5,14,0.9583333333333334,0.9944444444444445,0.9237732248515274
face,crosssetup,original,5,15,0.98,0.9866666666666667,0.9195305604872319
face,crosssetup,original,5,16,0.9933333333333333,0.9933333333333333,0.9630854638888413
face,crosssetup,original,5,17,0.9027777777777778,0.9944444444444445,0.9213471451819999
face,crosssetup,original,5,18,0.9766666666666667,0.98,0.9532535665982065
face,crosssetup,original,5,19,0.9933333333333333,1.0,0.9746416880303074
face,crosssetup,original,5,20,0.99,0.99,0.963862054779147
face,crosssetup,original,5,21,0.99,0.9933333333333333,0.9495169212966452
face,crosssetup,original,5,22,0.9866666666666667,0.99,0.9298933166269611
face,crosssetup,original,5,23,0.9233333333333333,0.99,0.9097721780067677
face,crosssetup,original,5,24,0.97,0.9833333333333333,0.955931204130815
face,crosssetup,original,5,25,0.9777777777777777,0.9944444444444445,0.9493618499711017
face,crosssetup,original,5,26,0.9866666666666667,0.99,0.9863006765562606
face,crosssetup,original,5,27,0.9833333333333333,0.9866666666666667,0.9497143143796825
face,crosssetup,original,5,28,0.99,0.9933333333333333,0.9764144917554703
face,crosssetup,original,5,29,0.9966666666666667,1.0,0.9900648776077058
face,crosssetup,original,10,0,0.9333333333333333,0.9848484848484849,0.9316912876805442
face,crosssetup,original,10,1,0.9151515151515152,0.9863636363636363,0.9146003251329932
face,crosssetup,original,10,2,0.9651515151515152,0.9863636363636363,0.9194475546118035
face,crosssetup,original,10,3,0.9575757575757575,0.9848484848484849,0.9241225347716222
face,crosssetup,original,10,4,0.9033333333333333,0.985,0.9275887780020817
face,crosssetup,original,10,5,0.95,0.985,0.9534242193775768
face,crosssetup,original,10,6,0.9033333333333333,0.9866666666666667,0.9289951006409392
face,crosssetup,original,10,7,0.9483333333333334,0.985,0.9436280270281664
face,crosssetup,original,10,8,0.8818181818181818,0.9878787878787879,0.9030014166257161
face,crosssetup,original,10,9,0.975,0.9816666666666667,0.9311981452819498
face,crosssetup,original,10,10,0.8909090909090909,0.9878787878787879,0.8912983839931858
face,crosssetup,original,10,11,0.8803030303030303,0.9893939393939394,0.906491048294325
face,crosssetup,original,10,12,0.8606060606060606,0.9878787878787879,0.8872719647015691
face,crosssetup,original,10,13,0.8742424242424243,0.9863636363636363,0.9059535683738031
face,crosssetup,original,10,14,0.97,0.98,0.9489516354635873
face,crosssetup,original,10,15,0.8716666666666667,0.98,0.9130549538820298
face,crosssetup,original,10,16,0.9816666666666667,0.9883333333333333,0.969535010788789
face,crosssetup,original,10,17,0.945,0.9816666666666667,0.959157766441068
face,crosssetup,original,10,18,0.9227272727272727,0.9818181818181818,0.9152416040548096
face,crosssetup,original,10,19,0.975,0.9783333333333334,0.9610522900273277
face,crosssetup,original,10,20,0.9363636363636364,0.9848484848484849,0.9317036783581436
face,crosssetup,original,10,21,0.9803030303030303,0.9878787878787879,0.9480067451211884
face,crosssetup,original,10,22,0.9090909090909091,0.9863636363636363,0.9207252966183829
face,crosssetup,original,10,23,0.9424242424242424,0.990909090909091,0.9512468256139782
face,crosssetup,original,10,24,0.9083333333333333,0.99,0.930913907575294
face,crosssetup,original,10,25,0.9454545454545454,0.9878787878787879,0.942609065934043
face,crosssetup,original,10,26,0.9287878787878788,0.9818181818181818,0.9342554283878466
face,crosssetup,original,10,27,0.9030303030303031,0.9833333333333333,0.9319424886626738
face,crosssetup,original,10,28,0.9303030303030303,0.9863636363636363,0.9050686385308996
face,crosssetup,original,10,29,0.9272727272727272,0.990909090909091,0.9454494937791594
face,crosssetup,original,15,0,0.890625,0.978125,0.8948970362251755
face,crosssetup,original,15,1,0.8614583333333333,0.9822916666666667,0.8840155364807132
face,crosssetup,original,15,2,0.928125,0.9791666666666666,0.9018931799485376
face,crosssetup,original,15,3,0.9033333333333333,0.9788888888888889,0.9196078567891329
face,crosssetup,original,15,4,0.890625,0.9760416666666667,0.8960190694650603
face,crosssetup,original,15,5,0.871875,0.978125,0.888805925298444
face,crosssetup,original,15,6,0.9291666666666667,0.9791666666666666,0.918455425078837
face,crosssetup,original,15,7,0.9114583333333334,0.9802083333333333,0.9099350885923713
face,crosssetup,original,15,8,0.8666666666666667,0.98125,0.8950572751398495
face,crosssetup,original,15,9,0.8739583333333333,0.9791666666666666,0.8964220053430538
face,crosssetup,original,15,10,0.8864583333333333,0.9791666666666666,0.9054467092041647
face,crosssetup,original,15,11,0.9244444444444444,0.98,0.923452377135058
face,crosssetup,original,15,12,0.8760416666666667,0.9854166666666667,0.8956352020998656
face,crosssetup,original,15,13,0.896875,0.9833333333333333,0.9048836966321894
face,crosssetup,original,15,14,0.875,0.9802083333333333,0.9068536497361218
face,crosssetup,original,15,15,0.9083333333333333,0.9791666666666666,0.9152397433482288
face,crosssetup,original,15,16,0.871875,0.98125,0.8880070754440512
face,crosssetup,original,15,17,0.9333333333333333,0.978125,0.9054512036687284
face,crosssetup,original,15,18,0.865625,0.984375,0.9043938761421921
face,crosssetup,original,15,19,0.8635416666666667,0.9822916666666667,0.8865740789879308
face,crosssetup,original,15,20,0.921875,0.9760416666666667,0.9121983195931798
face,crosssetup,original,15,21,0.921875,0.9833333333333333,0.9164102803288533
face,crosssetup,original,15,22,0.9291666666666667,0.9802083333333333,0.8993200637327374
face,crosssetup,original,15,23,0.86875,0.9833333333333333,0.9027264932338828
face,crosssetup,original,15,24,0.8916666666666667,0.98125,0.8928179751024613
face,crosssetup,original,15,25,0.9072916666666667,0.9833333333333333,0.9045414151854586
face,crosssetup,original,15,26,0.8677083333333333,0.9833333333333333,0.9025031536737453
face,crosssetup,original,15,27,0.9270833333333334,0.9791666666666666,0.9020279570104666
face,crosssetup,original,15,28,0.9177083333333333,0.9802083333333333,0.9154958956622411
face,crosssetup,original,15,29,0.928125,0.9791666666666666,0.9053041926336245
